"JobTitle","Count (JobTitle)"
"ACCOUNT CLERK",83
"ACCOUNTANT",5
"ACCOUNTANT INTERN",48
"ACPO,JuvP, Juv Prob (SFERS)",1
"ACUPUNCTURIST",1
"ADMINISTRATIVE ANALYST",93
"ADMINISTRATIVE ANALYST II",2
"ADMINISTRATIVE ANALYST III",2
"ADMINISTRATIVE ENGINEER",10
"ADMINISTRATIVE SERVICES MANAGER",3
"ADMINISTRATOR, SFGH MEDICAL CENTER",1
"AFFIRMATIVE ACTION SPECIALIST",6
"AGRICULTURAL INSPECTOR",2
"AIRPORT ASSISTANT DEPUTY DIRECTOR, BUSINESS ADMINI",1
"AIRPORT ASSISTANT DEPUTY DIRECTOR, OPERATIONS",1
"AIRPORT COMMUNICATIONS OPERATOR",27
"AIRPORT COMMUNICATIONS SUPERVISOR",2
"AIRPORT ECONOMIC PLANNER",13
"AIRPORT ELECTRICIAN",17
"AIRPORT ELECTRICIAN SUPERVISOR",2
"AIRPORT EMERGENCY PLANNING COORDINATOR",2
"AIRPORT MECHANICAL MAINTENANCE SUPERVISOR",1
"AIRPORT NOISE ABATEMENT SPECIALIST",2
"AIRPORT OPERATIONS SUPERVISOR",12
"AIRPORT POLICE SERVICES AIDE",187
"AIRPORT PROPERTY SPECIALIST I",13
"AIRPORT SAFETY OFFICER",40
"ANESTHETIST",25
"ANIMAL CARE ASSISTANT SUPERVISOR",1
"ANIMAL CARE ATTENDANT",14
"ANIMAL CARE SUPERVISOR",1
"ANIMAL CONTROL OFFICER",13
"ANIMAL HEALTH TECHNICIAN",3
"ANIMAL KEEPER",4
"APPRENTICE GARDENER",11
"APPRENTICE STATIONARY ENGINEER",12
"APPRENTICE STATIONARY ENGINEER, SEWAGE PLANT",13
"APPRENTICE STATIONARY ENGINEER,WATER TREATMENT PLN",6
"ARCHITECT",15
"ARCHITECTURAL ADMINISTRATOR",4
"ARCHITECTURAL ASSISTANT  I",2
"ARCHITECTURAL ASSISTANT II",19
"ARCHITECTURAL ASSOCIATE  I",13
"ARCHITECTURAL ASSOCIATE II",20
"AREA SUPERVISOR, PARKS, SQUARES AND FACILITIES",1
"ARTS PROGRAM ASSISTANT",11
"ASPHALT FINISHER",10
"ASPHALT FINISHER SUPERVISOR I",8
"ASPHALT PLANT SUPERVISOR I",1
"ASPHALT WORKER",26
"ASR Senior Office Specialist",60
"ASR-Office Assistant",41
"ASSESSMENT CLERK",36
"ASSESSOR",1
"ASSISTANT CHIEF ATTORNEY I",23
"ASSISTANT CHIEF ATTORNEY II",5
"ASSISTANT CHIEF DISTRICT ATTORNEY'S INVESTIGATOR",4
"ASSISTANT CHIEF OF DEPARTMENT, (FIRE DEPARTMENT)",3
"ASSISTANT CHIEF VICTIM/WITNESS INVESTIGATOR",5
"ASSISTANT CLERK, BOARD OF SUPERVISORS",5
"ASSISTANT CONSTRUCTION INSPECTOR",7
"ASSISTANT COOK",6
"ASSISTANT COUNSELOR",4
"ASSISTANT COURT REPORTER COORDINATOR",1
"ASSISTANT DEPUTY CHIEF II",5
"ASSISTANT DEPUTY DIRECTOR, PORT",2
"ASSISTANT DIRECTOR OF CLINICAL SERVICES I",1
"ASSISTANT DIRECTOR OF CLINICAL SERVICES II",1
"ASSISTANT DIRECTOR, JUVENILE HALL",1
"ASSISTANT DIRECTOR, LOG CABIN RANCH",1
"ASSISTANT ELECTRONIC MAINTENANCE TECHNICIAN",11
"ASSISTANT ENGINEER",146
"ASSISTANT FORENSIC TOXICOLOGIST I",6
"ASSISTANT GENERAL SERVICES MANAGER",6
"ASSISTANT HEALTH EDUCATOR",8
"ASSISTANT INDUSTRIAL HYGIENIST",1
"ASSISTANT INSPECTOR (POLICE DEPARTMENT)",1
"ASSISTANT INSPECTOR II (POLICE DEPARTMENT)",10
"ASSISTANT INSPECTOR III (POLICE DEPARTMENT)",9
"ASSISTANT LAW LIBRARIAN",1
"ASSISTANT MATERIALS COORDINATOR",12
"ASSISTANT MEDICAL EXAMINER",5
"ASSISTANT POWER HOUSE OPERATOR",2
"ASSISTANT PURCHASER",23
"ASSISTANT RECREATION DIRECTOR",2
"ASSISTANT RECREATION SUPERVISOR",1
"ASSISTANT RENTAL MANAGER, PORT",7
"ASSISTANT RETIREMENT ANALYST",26
"ASSISTANT SHERIFF",2
"ASSISTANT STOREKEEPER",15
"ASSISTANT SUPERINTENDENT RECREATION",1
"ASSISTANT TO THE DIRECTOR, PUBLIC AFFAIRS       RS",1
"ASSOCIATE AFFIRMATIVE ACTION COORDINATOR",8
"ASSOCIATE AUDITOR",17
"ASSOCIATE ENGINEER",148
"ASSOCIATE HUMAN RESOURCES ANALYST",1
"ASSOCIATE MUSEUM CONSERVATOR, ASIAN ART MUSEUM",1
"ASSOCIATE MUSEUM REGISTRAR",2
"ASSOCIATE PERFORMANCE AUDITOR",11
"ASST. CHIEF PROBATION OFFICER-JUVENILE PROBATION",1
"ASST. CHIEF, BUREAU OF CLAIMS INVEST. & ADMIN",1
"ATTORNEY (CIVIL/CRIMINAL)",377
"ATTORNEY FOR THE PUBLIC ADMINISTRATOR",1
"ATTORNEY, TAX COLLECTOR",2
"AUDIOLOGIST",1
"AUDIOMETRIST",2
"AUTOMOTIVE BODY AND FENDER WORKER",38
"AUTOMOTIVE BODY AND FENDER WORKER SUPERVISOR I",1
"AUTOMOTIVE MACHINIST",66
"AUTOMOTIVE MACHINIST ASSISTANT SUPERVISOR",8
"AUTOMOTIVE MACHINIST SUPERVISOR I",7
"AUTOMOTIVE MECHANIC",126
"AUTOMOTIVE MECHANIC ASSISTANT SUPERVISOR",11
"AUTOMOTIVE MECHANIC SUPERVISOR I",6
"AUTOMOTIVE SERVICE WORKER",110
"AUTOMOTIVE SERVICE WORKER ASSISTANT SUPERVISOR",4
"AUTOMOTIVE TRANSIT SHOP SUPERVISOR I",5
"Account Clerk",268
"Accountant I",8
"Accountant II",226
"Accountant III",278
"Accountant IV",171
"Accountant Intern",60
"Acupuncturist",3
"Adm, SFGH Medical Center",3
"Admin Analyst 3",6
"Admin Hearing Examiner",31
"Administrative Analyst",368
"Administrative Analyst I",2
"Administrative Analyst II",3
"Administrative Engineer",29
"Administrative Hearing Sup",1
"Administrative Services Mgr",11
"Administrator, DPH",2
"Admission Attendant",164
"Agricultural Inspector",6
"Airport Communications Disp",85
"Airport Communications Officer",2
"Airport Economic Planner",38
"Airport Electrician",50
"Airport Electrician Supervisor",6
"Airport Emerg Planning Coord",9
"Airport Mechanical Maint Sprv",2
"Airport Noise Abatement Spec",8
"Airport Operations Supervisor",39
"Airport Property Specialist 1",36
"Airport Safety Officer",128
"Airports Communications Sprv",6
"Anesthetist",66
"Animal Care Asst Supv",3
"Animal Care Attendant",46
"Animal Care Supervisor",2
"Animal Control Officer",38
"Animal Control Supervisor",3
"Animal Health Technician",8
"Animal Keeper",12
"Apprentice Cement Mason I",4
"Apprentice Gardener",76
"Apprentice Stationary Engineer",27
"Aprntc Statnry Eng, Sew Plant",40
"AprntcStatnry Eng,WtrTreatPlnt",11
"Aquatics Facility Asst Supv",27
"Aquatics Facility Supervisor",23
"Arborist Technician",75
"Arborist Technician Supervisor",23
"Arborist Technician Supv II",3
"Architect",40
"Architectural Administrator",11
"Architectural Assistant 1",35
"Architectural Assistant 2",50
"Architectural Associate 1",36
"Architectural Associate 2",54
"Area Sprv Parks, Squares & Fac",3
"Arts Program Assistant",33
"Asphalt Finisher",36
"Asphalt Finisher Supervisor 1",27
"Asphalt Plant Supervisor 1",3
"Asphalt Worker",59
"Assessment Clerk",27
"Assessor",3
"Assessor-Recorder Office Spec",33
"Assistant Chief Attorney 1",71
"Assistant Chief Attorney 2",18
"Assistant Const Inspector",54
"Assistant Cook",17
"Assistant Counselor",10
"Assistant Deputy Chief 2",11
"Assistant Director, Probate",2
"Assistant Health Educator",24
"Assistant Industrial Hygienist",3
"Assistant Inspector",2
"Assistant Inspector 2",5
"Assistant Inspector 3",17
"Assistant Law Librarian",4
"Assistant Power House Operator",3
"Assistant Purchaser",72
"Assistant Recreation Director",22
"Assistant Retirement Analyst",65
"Assistant Sheriff",4
"Assistant Storekeeper",66
"Assoc Engineer",507
"Assoc Musm Cnsrvt, AAM",3
"Associate Museum Registrar",11
"Asst Chf Dist Atty's Invstgtor",15
"Asst Chf Prob Ofc, Juv Prob",1
"Asst Chf Victim/Wit Invstgtor",19
"Asst Chf of Dept (Fire Dept)",18
"Asst Chf, Bur Clm Invest&Admin",2
"Asst Clk, Board of Supervisors",14
"Asst Dir Clinical Svcs 2",1
"Asst Dir of Clinical Svcs 1",3
"Asst Dir, Log Cabin Rnch",3
"Asst Director, Juvenile Hall",3
"Asst Electronic Main Tech",18
"Asst Engr",461
"Asst Forensic Toxicologist 1",18
"Asst General Services Manager",17
"Asst Materials Coordinator",33
"Asst Med Examiner",12
"Asst Superintendent Rec",3
"Asst.Dep.Dir., Port",6
"Attorney (Civil/Criminal)",1126
"Attorney, Tax Collector",3
"Audiologist",4
"Audiometrist",2
"Auditor I",18
"Auditor II",42
"Auditor III",29
"Auto Body & Fender Wrk Sprv 1",3
"Auto Body&Fender Wrk Asst Sprv",1
"Auto Machinist Asst Sprv",21
"Auto Svc Wrk Asst Sprv",11
"Automotive Body & Fender Wrk",106
"Automotive Machinist",216
"Automotive Machinist Sprv 1",28
"Automotive Mechanic",436
"Automotive Mechanic Asst Sprv",36
"Automotive Mechanic Sprv 1",21
"Automotive Service Worker",340
"Automotive Trnst Shop Sprv 1",19
"BACTERIOLOGICAL LABORATORY ASSISTANT",8
"BAKER",1
"BARBER",1
"BATTALION CHIEF, (FIRE DEPARTMENT)",45
"BEAUTICIAN",3
"BENEFITS ANALYST",14
"BENEFITS SUPERVISOR",5
"BENEFITS TECHNICIAN",23
"BIOLOGIST I/II",23
"BIOLOGIST III",4
"BOARD COMMISSION MEMBER, $200 PER MEETING",7
"BOARD SECRETARY - MUNICIPAL TRANSPORTATION AGENC",1
"BOARD/COMMISSION MEMBER, GROUP II",43
"BOARD/COMMISSION MEMBER, GROUP III",33
"BOARD/COMMISSION MEMBER, GROUP V",56
"BOARD/COMMISSION SECRETARY III",2
"BOOK REPAIRER",3
"BRAILLIST",1
"BRICKLAYER",5
"BUILDING AND GROUNDS PATROL OFFICER",49
"BUILDING INSPECTOR",52
"BUILDING PLANS ENGINEER",2
"BUILDING SERVICES TECHNICIAN",1
"BUILDINGS AND GROUNDS MAINTENANCE SUPERINTENDENT",13
"BUILDINGS AND GROUNDS MAINTENANCE SUPERVISOR",6
"Baker",3
"Barber",7
"Battalion Chief, Fire Suppress",65
"Battlion Chief, Fire Suppressi",36
"Bd/Comm Secretary 3",3
"BdComm Mbr, Grp2,M=$25/Mtg",124
"BdComm Mbr, Grp3,M=$50/Mtg",116
"BdComm Mbr, Grp5,M$100/Mo",166
"Beautician",6
"Benefits Analyst",44
"Benefits Supervisor",18
"Benefits Technician",73
"Biologist",23
"Biologist I/II",42
"Biologist III",17
"Bldg & Grounds Maint Sprv",25
"Bldg & Grounds Patrol Officer",154
"Bldgs & Grounds Maint Supt",52
"Board Scty, MTA",3
"Book Repairer",9
"Braillist",3
"Brd Comm Mbr, M=$200/Mtg",23
"Bricklayer",14
"Building Inspector",170
"Building Plans Engineer",8
"Building Services Technician",4
"CABLE SPLICER",24
"CAMP ASSISTANT",59
"CAPTAIN III (POLICE DEPARTMENT)",37
"CAPTAIN, BUREAU OF FIRE PREVENTION AND PUBLIC SAFE",1
"CAPTAIN, EMERGENCYCY MEDICAL SERVICES",24
"CAPTAIN, FIRE SUPPRESSION",71
"CAR AND AUTO PAINTER",18
"CARPENTER",76
"CARPENTER SUPERVISOR I",11
"CARPENTER SUPERVISOR II",1
"CASHIER I",22
"CASHIER II",24
"CASHIER III",1
"CEMENT FINISHER SUPERVISOR I",3
"CEMENT FINISHER SUPERVISOR II",1
"CEMENT MASON",34
"CENTRAL PROCESSING AND DISTRIBUTION TECHNICIAN",30
"CHEF",5
"CHEMIST I/II",22
"CHEMIST III",6
"CHIEF ADULT PROBATION OFFICER",2
"CHIEF ATTORNEY I (CIVIL & CRIMINAL)",5
"CHIEF BUILDING INSPECTOR",3
"CHIEF CLERK",15
"CHIEF DEPUTY ADULT PROBATION OFFICER",2
"CHIEF DEPUTY SHERIFF",3
"CHIEF DIETITIAN",2
"CHIEF DISTRICT ATTORNEY'S INVESTIGATOR",1
"CHIEF ELECTRICAL INSPECTOR",1
"CHIEF FIRE ALARM DISPATCHER",1
"CHIEF HOUSING INSPECTOR",1
"CHIEF MICROBIOLOGIST",1
"CHIEF NURSERY SPECIALIST",1
"CHIEF OF DEPARTMENT, (FIRE DEPARTMENT)",1
"CHIEF OF POLICE",1
"CHIEF PAYROLL AND PERSONNEL CLERK",4
"CHIEF PLUMBING INSPECTOR",1
"CHIEF PREPARATOR",2
"CHIEF PROBATION OFFICER, JUVENILE COURT",1
"CHIEF STATIONARY ENGINEER",15
"CHIEF STATIONARY ENGINEER, SEWAGE PLANT",22
"CHIEF STATIONARY ENGINEER, WATER TREATMENT PLANT",5
"CHIEF SURVEYOR",6
"CHIEF TELEPHONE OPERATOR",1
"CHIEF VICTIM/WITNESS INVESTIGATOR",1
"CHIEF WATER SERVICE INSPECTOR",3
"CHILD CARE SPECIALIST",6
"CHILD SUPPORT OFFICER II",59
"CHILD SUPPORT OFFICER III",17
"CITIZENS COMPLAINT OFFICER",11
"CITY ATTORNEY",1
"CITY PLANNING GRAPHICS SUPERVISOR",1
"CITY PLANNING INTERN",2
"CITY SHOPS ASSISTANT SUPERINTENDENT",2
"CIVIL ENGINEERING ASSISTANT",17
"CIVIL ENGINEERING ASSOCIATE I",39
"CLAIMS ADJUSTER",5
"CLAIMS INVESTIGATOR",7
"CLAIMS INVESTIGATOR CITY ATTORNEYS OFFICE",33
"CLAIMS PROCESS CLERK",2
"CLERK",219
"CLERK TYPIST",135
"CLINICAL NURSE SPECIALIST",27
"CLINICAL PHARMACIST",33
"CLINICAL PSYCHOLOGIST",52
"COLLECTIONS OFFICER",3
"COMMANDER III, (POLICE DEPARTMENT)",7
"COMMERCIAL DIVISION ASSISTANT SUPERVISOR",16
"COMMISSIONER",46
"COMMUNICATION LINE SUPERVISOR I",2
"COMMUNICATIONS DIRECTOR",1
"COMMUNICATIONS DISPATCHER I",29
"COMMUNICATIONS DISPATCHER II",33
"COMMUNICATIONS LINE WORKER SUPERVISOR II",2
"COMMUNICATIONS SYSTEMS TECHNICIAN",23
"COMMUNITY DEVELOPMENT ASSISTANT",9
"COMMUNITY DEVELOPMENT SPECIALIST",22
"CONFIDENTIAL CHIEF ATTORNEY II (CIVIL & CRIMINAL)",3
"CONFIDENTIAL SECRETARY CITY ATTORNEY",1
"CONFIDENTIAL SECRETARY TO DISTRICT ATTORNEY",1
"CONSERVATORSHIP/CASE MGNT SUPV",1
"CONSTRUCTION INSPECTOR",60
"CONTRACT COMPLIANCE OFFICER I",33
"CONTRACT COMPLIANCE OFFICER II",16
"COOK",34
"COORDINATOR OF CITIZEN INVOLVEMENT",9
"COORDINATOR, HUMAN RIGHTS COMMISSION",3
"COUNSELOR II",3
"COUNSELOR, FAMILY COURT SERVICE",9
"COUNSELOR, JUVENILE HALL",144
"COUNSELOR, LOG CABIN RANCH",28
"COURT AD RESOLUTION COORDINATOR",1
"COURT ADMINISTRATIVE SECRETARY",1
"COURT ADMINISTRATOR",3
"COURT ALTERNATIVE SPECIALIST I",4
"COURT ASSISTANT - SENIOR, SUPERIOR COURT",8
"COURT ASSISTANT, SUPERIOR COURT",1
"COURT CLERK",1
"COURT COMMISSIONER",10
"COURT COMPUTER APPLICATIONS ANALYST",3
"COURT COMPUTER APPLICATIONS PROGRAMMER",3
"COURT COMPUTER FACILITIES COORDINATOR",1
"COURT COMPUTER SYSTEMS ENGINEER II",4
"COURT COMPUTER SYSTEMS MANAGER",3
"COURT EXECUTIVE OFFICER",1
"COURT INTERPRETER",17
"COURT INTERPRETER SUPERVISOR",1
"COURT INVESTIGATOR",8
"COURT MANAGER",13
"COURT PARALEGAL",1
"COURT REPORTER",62
"COURT REPORTER COORDINATOR",1
"COURT STAFF ATTORNEY II",12
"COURT SUPERVISOR I",1
"COURT SUPERVISOR II",17
"COURT TRAINING SPECIALIST",5
"CRAFTS INSTRUCTOR",9
"CRANE MECHANIC SUPERVISOR",1
"CRIME LABORATORY MANAGER",1
"CRIMINAL JUSTICE SPECIALIST II",7
"CRIMINALIST I",3
"CRIMINALIST II",18
"CRIMINALIST III",4
"CURATOR I",4
"CURATOR II",10
"CURATOR III",7
"CURATOR IV",6
"CUSTODIAL ASSISTANT SUPERVISOR",51
"CUSTODIAL SUPERVISOR",11
"CUSTODIAN",796
"CUSTOMER SERVICE AGENT SUPERVISOR",7
"CUSTOMER SERVICE AGENT TRAINEE",5
"Cable Splicer",62
"Camp Assistant",149
"Capt,Fire Prev or Fire Invsgtn",14
"Captain 3",101
"Captain, (Fire Department)",1
"Captain, Emergency Med Svcs",75
"Captain, Fire Suppression",211
"Car and Auto Painter",51
"Carpenter",226
"Carpenter Supervisor 1",29
"Carpenter Supervisor 2",5
"Cashier 1",56
"Cashier 2",75
"Cashier 3",1
"Cement Finisher Supervisor 1",12
"Cement Finisher Supervisor 2",2
"Cement Mason",111
"Central Processing & Dist Tech",88
"Cfdntal Chf Atty 2,(Cvl&Crmnl)",9
"Cfdntal Sctry to City Atty",3
"Cfdntal Sctry to Distric Atty",1
"Chef",16
"Chemist",21
"Chemist I/II",45
"Chemist III",18
"Chf District Atty Investigator",4
"Chf Payroll & Personnel Clerk",12
"Chf Prob Ofc, Juv Court",4
"Chf Stationary Eng, Sew Plant",52
"Chf Statnry Eng,WtrTreat Plnt",17
"Chf Victim/Witness Invstgtor",3
"Chief Adult Probation Officer",3
"Chief Atty1 (Civil & Criminal)",14
"Chief Building Inspector",12
"Chief Clerk",45
"Chief Dep Adlt Prob Of (SFERS)",3
"Chief Deputy Adlt Probation Of",4
"Chief Deputy Sheriff",10
"Chief Dietitian",5
"Chief Electrical Inspector",3
"Chief Fire Alarm Dispatcher",3
"Chief Forensic Toxicologist",1
"Chief Housing Inspector",3
"Chief Investment Officer",1
"Chief Nursery Specialist",3
"Chief Plumbing Inspector",3
"Chief Preparator",5
"Chief Stationary Engineer",43
"Chief Surveyor",19
"Chief Telephone Operator",3
"Chief Water Service Inspector",9
"Chief of Police",3
"Chief, Fire Department",3
"Child Care Specialist",17
"Child Support Officer I",8
"Child Support Officer II",167
"Child Support Officer III",33
"Citizens Complaint Officer",34
"City Attorney",3
"City Planning Intern",26
"City Shops Asst Superintendent",2
"Civil Case Settlmnt Specialist",1
"Claims Adjuster",17
"Claims Investigator",20
"Claims Investigator, CA",92
"Claims Process Clerk",4
"Clerk",764
"Clerk Typist",352
"Clinical Nurse Specialist",68
"Clinical Pharmacist",138
"Clinical Psychologist",149
"Collection Supervisor",6
"Collections Officer",9
"Comm Pol Svcs Aide Supervisor",24
"Commander 3",18
"Commercial Div Asst Sprv",49
"Commissioner 16.700c, No Pay",50
"Commissioner No Benefits",134
"Communication Line Sprv1",10
"Communications Director",2
"Communications Dispatcher 1",106
"Communications Dispatcher 2",88
"Communications Line Wrk Sprv 2",6
"Communications Systems Tech",70
"Community Development Asst",23
"Community Development Spec",56
"Community Police Services Aide",559
"Conservatorship/Case Mgt Sprv",3
"Construction Inspector",192
"Contract Compliance Officer 1",96
"Contract Compliance Officer 2",48
"Controller",3
"Conversion",1
"Cook",96
"Coord of Citizen Involvement",24
"Coord, Human Rights Comm",12
"Counselor 2",8
"Counselor, Family Court Svc",15
"Counselor, Juvenile Hall",319
"Counselor, Juvenile Hall SFERS",54
"Counselor, Log Cabin Ranch",63
"Counselor,Log Cabin Rnch SFERS",16
"Court Administrative Secretary",4
"Court Administrator",4
"Court Alternative Specialist 1",10
"Court Asst-Sr, Superior Court",3
"Court Asst., Superior Court",2
"Court Clerk",3
"Court Commissioner",8
"Court Computer Sys Manager",6
"Court Executive Officer",2
"Court Interpreter",33
"Court Interpreter Supervisor",2
"Court Invstgtor, Superior Crt",12
"Court Manager",16
"Court Paralegal",6
"Court Reporter",105
"Court Reporter Coordinator",2
"Court Staff Attorney II",20
"Court Supervisor I",1
"Court Supervisor II",40
"Court Training Specialist",7
"Crafts Instructor",26
"Crane Mechanic Supervisor",3
"Crime Lab Mgr",2
"Criminal Justice Specialist 2",18
"Criminalist I",9
"Criminalist II",46
"Criminalist III",13
"Ct Comp App Analyst",4
"Ct Comp App Programmer",6
"Ct Comp Facilities Coord",4
"Ct Comp Sys Engineer II",7
"Curator 1",10
"Curator 2",25
"Curator 3",20
"Curator 4",15
"Custodial Assistant Supervisor",164
"Custodial Supervisor",32
"Custodian",2418
"Customer Service Agent",206
"Customer Service Agent Supv",22
"Customer Service Agent Trainee",33
"DA Investigative Assist",96
"DENTAL AIDE",18
"DENTAL HYGIENIST",5
"DENTIST",19
"DEPARTMENT HEAD I",12
"DEPARTMENT HEAD II",7
"DEPARTMENT HEAD III",8
"DEPARTMENT HEAD IV",4
"DEPARTMENT HEAD V",7
"DEPUTY CHIEF III (POLICE DEPARTMENT)",5
"DEPUTY CHIEF OF DEPARTMENT,(FIRE DEPARTMENT)",3
"DEPUTY COURT CLERK I",2
"DEPUTY COURT CLERK II",162
"DEPUTY COURT CLERK III",104
"DEPUTY DIRECTOR I",6
"DEPUTY DIRECTOR I - MUNICIPAL TRANSPORTATION AGE",5
"DEPUTY DIRECTOR II",32
"DEPUTY DIRECTOR II - MUNICIPAL TRANSPORTATION AG",5
"DEPUTY DIRECTOR III",27
"DEPUTY DIRECTOR IV",23
"DEPUTY DIRECTOR OF INVESTMENTS",1
"DEPUTY DIRECTOR V",16
"DEPUTY PROBATION OFFICER",136
"DEPUTY SEALER OF WEIGHTS AND MEASURES",1
"DEPUTY SHERIFF",685
"DIAGNOSTIC IMAGING TECH I",35
"DIAGNOSTIC IMAGING TECH II",28
"DIAGNOSTIC IMAGING TECH III",10
"DIAGNOSTIC IMAGING TECH IV",6
"DIETETIC TECHNICIAN",5
"DIETITIAN",19
"DIRECTOR OF ACTIVITIES, THERAPY AND VOLUNTEER SERV",2
"DIRECTOR, EMPLOYEE RELATIONS DIVISION",1
"DIRECTOR, FISCAL SERVICES",1
"DIRECTOR, HUMAN RESOURCES",1
"DIRECTOR, INFORMATION TECHNOLOGY GROUP",1
"DIRECTOR, JUVENILE HALL",1
"DIRECTOR, PROBATE",2
"DIRECTOR, PROBATION SERVICES",1
"DISABILITY ACCESS COORDINATOR",1
"DISEASE CONTROL INVESTIGATOR",9
"DISTRICT ATTORNEY",2
"DISTRICT ATTORNEY'S INVESTIGATIVE ASSISTANT",30
"DISTRICT ATTORNEY'S INVESTIGATOR",23
"DIVISION DIRECTOR ADULT PROBATION",2
"DOCUMENT EXAMINER TECHNICIAN",10
"Dental Aide",53
"Dental Hygienist",12
"Dentist",46
"Dep Chf of Dept (Fire Dept)",7
"Dep Dir I",20
"Dep Dir II",95
"Dep Dir III",114
"Dep Dir IV",74
"Dep Dir V",50
"Dep Dir for Investments, Ret",2
"Dept Head I",33
"Dept Head II",22
"Dept Head III",23
"Dept Head IV",17
"Dept Head V",18
"Depty Sealer of Weights & Meas",3
"Deputy Chief 3",21
"Deputy Court Clerk I",31
"Deputy Court Clerk II",288
"Deputy Court Clerk III",199
"Deputy Dir I, MTA",17
"Deputy Dir II, MTA",15
"Deputy Probation Officer",377
"Deputy Probation Officer SFERS",51
"Deputy Sheriff",1933
"Deputy Sheriff (SFERS)",16
"Deputy Sheriff 1",78
"Diagnostic Imaging Tech I",123
"Diagnostic Imaging Tech II",97
"Diagnostic Imaging Tech III",27
"Diagnostic Imaging Tech IV",26
"Dietetic Technician",16
"Dietitian",67
"Dir Emp Relations Div",3
"Dir of Act, Therapy & Vol Svcs",6
"Dir, Log Cabin Ranch (SFERS)",4
"Director, Fiscal Services",2
"Director, Human Resources",2
"Director, Info Tech Group",2
"Director, Juvenile Hall",3
"Director, Probate",3
"Director, Probation Services",3
"Disability Access Coordinator",4
"Disease Control Investigator",24
"Dist Atty Investigator (SFERS)",28
"District Attorney",3
"District Attry's Investigator",45
"Div Director, Adult Probation",12
"Document Examiner Technician",10
"Drug Court Coordinator",1
"Duty Officer",3
"EEO Programs Specialist",18
"EEO Senior Specialist",32
"ELECTIONS CLERK",22
"ELECTIONS WORKER",7
"ELECTRIC MOTOR REPAIR SUPERVISOR I",1
"ELECTRIC MOTOR REPAIRER",9
"ELECTRICAL ENGINEERING ASSOCIATE I",1
"ELECTRICAL INSPECTOR",18
"ELECTRICAL LINE HELPER",24
"ELECTRICAL LINE WORKER",11
"ELECTRICAL TRANSIT MECHANIC SUPERVISOR I",4
"ELECTRICAL TRANSIT MECHANIC, ASSISTANT SUPERVISOR",18
"ELECTRICAL TRANSIT SHOP SUPERVISOR I",6
"ELECTRICAL TRANSIT SYSTEM MECHANIC",204
"ELECTRICIAN",87
"ELECTRICIAN SUPERVISOR I",12
"ELECTRICIAN SUPERVISOR II",3
"ELECTROENCEPHALOGRAPH TECHNICIAN I",1
"ELECTRONIC INSTRUMENTATION TECHNICIAN,WTR PLTNCN",20
"ELECTRONIC MAINTENANCE TECHNICIAN",133
"ELECTRONIC MAINTENANCE TECHNICIAN ASSISTANT SUPERV",14
"ELEVATOR AND CRANE TECHNICIAN",2
"ELIGIBILITY WORKER",220
"ELIGIBILITY WORKER SUPERVISOR",57
"EMERGENCY MEDICAL SERVICES AGENCY SPECIALIST",6
"EMERGENCY PLANNING COORDINATOR",2
"EMERGENCY PROTECTIVE ORDERS COMMISSIONER",1
"EMPLOYEE ASSISTANCE COUNSELOR",1
"EMPLOYEE RELATIONS REPRESENTATIVE",7
"EMPLOYMENT & TRAINING SPECIALIST II",40
"EMPLOYMENT & TRAINING SPECIALIST IV",17
"EMPLOYMENT AND TRAINING SPECIALIST I",9
"EMPLOYMENT AND TRAINING SPECIALIST III",51
"EMPLOYMENT AND TRAINING SPECIALIST V",8
"EMPLOYMENT AND TRAINING SPECIALIST VI",1
"EMT/Paramedic/Firefighter",918
"ENGINEER",159
"ENGINEERING ASSOCIATE II",25
"ENVIRONMENT HEALTH TECHNICIAN II",1
"ENVIRONMENT SPECIALIST",18
"ENVIRONMENTAL ASSISTANT",20
"ENVIRONMENTAL HEALTH INSPECTOR",21
"ENVIRONMENTAL HEALTH TECHNICIAN I",15
"ENVIRONMENTAL SERVICE WORKER",34
"EPIDEMIOLOGIST I",7
"EPIDEMIOLOGIST II",21
"ESTATE INVESTIGATOR",20
"EXECUTIVE ASSISTANT TO THE ADMINISTRATOR, S.F.G.H.",2
"EXECUTIVE ASSISTANT TO THE GENERAL MANAGER, RETIRE",1
"EXECUTIVE CONTRACT EMPLOYEE",2
"EXECUTIVE DIRECTOR, SOUTHEAST COMMUNITY FACILITY",1
"EXECUTIVE SECRETARY I",66
"EXECUTIVE SECRETARY II",65
"EXECUTIVE SECRETARY III",16
"EXECUTIVE SECRETARY TO THE CONTROLLER",1
"Elections Clerk",82
"Elections Worker",17
"Electr Instrmntn Tech Wtr Poll",51
"Electr Maint Tech Asst Sprv",49
"Electric Motor Repair Sprv 1",3
"Electric Motor Repairer",23
"Electrical Inspector",74
"Electrical Line Helper",66
"Electrical Line Worker",42
"Electrical Transit Shop Sprv 1",10
"Electrical Transit System Mech",631
"Electrical Trnst Mech Sprv 1",9
"Electrical Trnst Shop Sprv 1",6
"Electrician",317
"Electrician Supervisor 1",35
"Electrician Supervisor 2",6
"Electrician Supervisor II",4
"Electrl Trnst Mech, Asst Sprv",68
"Electroencephalograph Tech 1",4
"Electronic Maintenance Tech",430
"Elevator and Crane Technician",6
"Eligibility Worker",760
"Eligibility Worker Supervisor",191
"Emergency Med Svcs Agency Spec",19
"Emergency Medical Svcs Chief",3
"Emergency Planning Coordinator",5
"Emergency Services Assistant",3
"Emergency Services Coord I",2
"Emergency Services Coord II",7
"Emergency Services Coord III",13
"Emergency Services Coord IV",7
"Emp & Training Spec 2",80
"Emp & Training Spec 4",63
"Employee Assistance Counselor",3
"Employee Relations Representat",32
"Employment & Training Spec 1",51
"Employment & Training Spec 3",167
"Employment & Training Spec 5",29
"Employment & Training Spec 6",3
"Eng/Arch/Landscape Arch Sr",285
"Engineer",471
"Engineer/Architect Principal",86
"Engineering Assistant",45
"Engineering Associate 1",99
"Engineering Associate 2",83
"Environmental Assistant",70
"Environmental Health Inspector",64
"Environmental Hlth Tech 1",44
"Environmental Hlth Tech 2",2
"Environmental Service Worker",115
"Environmental Spec",62
"Epidemiologist 1",24
"Epidemiologist 2",61
"Estate Investigator",76
"Events & Facilities Specialist",18
"Ex Asst to Admin, SFGH",6
"Ex Asst to Ex Dir, Retirement",3
"Ex Asst to the Controller",3
"Ex Dir, SE Com Fac Comm",3
"Executive Contract Employee",7
"Executive Secretary 1",184
"Executive Secretary 2",178
"Executive Secretary 3",65
"FARE COLLECTIONS RECEIVER",45
"FARE INSPECTIONS SUPERVISOR/INVESTIGATOR",9
"FARMER",1
"FEASIBILITY ANALYST, PORT",1
"FIELD SERVICES ASSISTANT SUPERVISOR",1
"FINGERPRINT TECHNICIAN I",9
"FINGERPRINT TECHNICIAN II",17
"FINGERPRINT TECHNICIAN III",6
"FIRE ALARM DISPATCHER",6
"FIRE FIGHTER PARAMEDIC",301
"FIRE PROTECTION ENGINEER",4
"FIRE RESCUE PARAMEDIC",7
"FIRE SAFETY INSPECTOR II",11
"FIREFIGHTER",794
"FISCAL SERVICES COORDINATOR",2
"FISCAL TECHNICIAN",6
"FOOD SERVICE MANAGER ADMINISTRATOR",3
"FOOD SERVICE SUPERVISOR",9
"FOOD SERVICE WORKER",157
"FORENSIC AUTOPSY TECHNICIAN",2
"FORENSIC LABORATORY TECHNICIAN",2
"FORENSIC TOXICOLOGIST",1
"FORESTER",3
"FUSION WELDER",3
"Fare Collections Receiver",128
"Farmer",3
"Feasibility Analyst, Port",3
"Field Svcs Asst Supv",3
"Fingerprint Technician 1",25
"Fingerprint Technician 2",45
"Fingerprint Technician 3",13
"Fire Alarm Dispatcher",20
"Fire Protection Engineer",12
"Fire Rescue Paramedic",12
"Fire Safety Inspector 2",31
"Firefighter",2359
"Fiscal Services Supervisor",5
"Fiscal Technician",12
"Food Service Mgr Administrator",9
"Food Service Supervisor",26
"Food Service Worker",544
"Forensic Autopsy Technician",6
"Forensic Laboratory Technician",6
"Forensic Toxicologist",2
"Forensic Toxicologist Supervis",1
"Forester",7
"Fusion Welder",10
"GARDENER",293
"GENERAL LABORER",377
"GENERAL LABORER SUPERVISOR I",46
"GENERAL MANAGER-METROPOLITAN TRANSIT AUTHORITY",2
"GENERAL UTILITY MECHANIC",14
"GLAZIER",11
"GLAZIER SUPERVISOR I",1
"GOVERNMENT AND PUBLIC AFFAIRS MANAGER",5
"GRAPHIC ARTIST",8
"Gardener",894
"Gen Mgr, Public Trnsp Dept",3
"General Laborer",1033
"General Laborer Supervisor 1",137
"General Utility Mechanic",39
"Glazier",26
"Glazier Supervisor 1",2
"Govrnmt/Publ Affairs Mgr",6
"Graphic Artist",23
"Graphics Supervisor",3
"HEAD AIRPORT ELECTRICIAN",1
"HEAD ATTORNEY, CIVIL AND CRIMINAL",45
"HEAD PARK PATROL OFFICER",3
"HEAD PHOTOGRAPHER",1
"HEALTH CARE ANALYST",13
"HEALTH CARE BILLING CLERK I",9
"HEALTH CARE BILLING CLERK II",62
"HEALTH EDUCATOR",16
"HEALTH PROGRAM COORDINATOR I",12
"HEALTH PROGRAM COORDINATOR II",20
"HEALTH PROGRAM COORDINATOR III",48
"HEALTH PROGRAM PLANNER",6
"HEALTH WORKER I",64
"HEALTH WORKER II",127
"HEALTH WORKER III",148
"HEALTH WORKER IV",28
"HEATING AND VENTILATING INSPECTOR",2
"HEAVY EQUIPMENT OPERATIONS ASSISTANT SUPERVISOR",1
"HEAVY EQUIPMENT OPERATIONS SUPERVISOR",4
"HH Mechanical Shop Sprv",1
"HODCARRIER",6
"HOME HEALTH AIDE",51
"HOSPITAL ELIGIBILITY WORKER",84
"HOSPITAL ELIGIBILITY WORKER SUPERVISOR",9
"HOUSEKEEPER/FOOD SERVICE CLEANER",58
"HOUSING INSPECTOR",20
"HSA Emp & Training Spec II",35
"HSA Social Worker",141
"HSA Sr Eligibility Worker",467
"HUMAN RESOURCES DIRECTOR",1
"HUMAN SERVICES TECHNICIAN",37
"Head Airport Electrician",1
"Head Atty, Civil & Criminal",131
"Head Park Patrol Officer",8
"Head Photographer",3
"Health Care Analyst",59
"Health Care Billing Clerk 1",33
"Health Care Billing Clerk 2",177
"Health Educator",47
"Health Program Coordinator 1",33
"Health Program Coordinator 2",66
"Health Program Coordinator 3",167
"Health Program Planner",28
"Health Worker 1",163
"Health Worker 2",415
"Health Worker 3",438
"Health Worker 4",86
"Heating/Ventilating Inspector",6
"Heavy Equip Ops Asst Sprv",9
"Heavy Equipment Ops Sprv",16
"Hodcarrier",15
"Home Health Aide",146
"Hospital Elig Wrk Supervisor",25
"Hospital Eligibility Worker",56
"Hospital Eligiblity Worker",257
"Housekeeper/Food Service Clnr",181
"Housing Inspector",60
"Human Resources Director",3
"Human Services Technician",109
"ILLUSTRATOR AND ART DESIGNER",5
"INCIDENT SUPPORT SPECIALIST",6
"INDUSTRIAL HYGIENIST",12
"INDUSTRIAL INJURY INVESTIGATOR",2
"INFORMATION SERVICES MANAGER",14
"INSPECTOR II, (POLICE DEPARTMENT)",3
"INSPECTOR III, (POLICE DEPARTMENT)",162
"INSPECTOR OF WEIGHTS AND MEASURES",5
"INSPECTOR, (POLICE DEPARTMENT)",2
"INSPECTOR, BUREAU OF FIRE PREVENTION AND PUBLIC SA",20
"INSTITUTION UTILITY WORKER",20
"INSTITUTIONAL POLICE LIEUTENANT",1
"INSTITUTIONAL POLICE OFFICER",13
"INSTITUTIONAL POLICE SERGEANT",2
"INVENTORY CLERK",3
"INVESTIGATOR, BUREAU OF FIRE INVESTIGATION",4
"INVESTIGATOR, OFFICE OF CITIZEN COMPLAINTS",21
"INVESTIGATOR, TAX COLLECTOR",9
"INVESTIGATOR, TAXI & ACCESS SVCS",3
"IS ADMINISTRATOR - SUPERVISOR",19
"IS ADMINISTRATOR I",25
"IS ADMINISTRATOR II",78
"IS ADMINISTRATOR III",58
"IS Administrator 1",21
"IS Administrator 2",113
"IS Administrator 3",58
"IS Administrator-Supervisor",24
"IS BUSINESS ANALYST",47
"IS BUSINESS ANALYST - ASSISTANT",6
"IS BUSINESS ANALYST - PRINCIPAL",86
"IS BUSINESS ANALYST - SENIOR",77
"IS Business Analyst",155
"IS Business Analyst-Assistant",26
"IS Business Analyst-Principal",289
"IS Business Analyst-Senior",251
"IS ENGINEER - ASSISTANT",5
"IS ENGINEER - JOURNEY",51
"IS ENGINEER - PRINCIPAL",47
"IS ENGINEER - SENIOR",85
"IS Engineer-Assistant",20
"IS Engineer-Journey",158
"IS Engineer-Principal",156
"IS Engineer-Senior",271
"IS Manager",38
"IS OPERATOR - ANALYST",2
"IS OPERATOR - JOURNEY",16
"IS OPERATOR - SENIOR",17
"IS OPERATOR - SUPERVISOR",3
"IS Operator-Analyst",3
"IS Operator-Journey",15
"IS Operator-Senior",16
"IS PROGRAMMER ANALYST",12
"IS PROGRAMMER ANALYST - ASSISTANT",3
"IS PROGRAMMER ANALYST - PRINCIPAL",21
"IS PROGRAMMER ANALYST - SENIOR",25
"IS PROJECT DIRECTOR",46
"IS Prg Analyst-Principal",55
"IS Program Analyst-Assistant",8
"IS Programmer Analyst",38
"IS Programmer Analyst-Senior",79
"IS Project Director",147
"IS TECHNICIAN - ASSISTANT",1
"IS TECHNICIAN - JOURNEY",9
"IS TECHNICIAN - SENIOR",4
"IS TECHNICIAN - SUPERVISOR",2
"IS TRAINER - ASSISTANT",2
"IS TRAINER - JOURNEY",4
"IS TRAINER - SENIOR",1
"IS Technical-Journey",7
"IS Technician Assistant",1
"IS Technician-Senior",4
"IS Technician-Supervisor",2
"IS Trainer-Assistant",12
"IS Trainer-Journey",9
"IS Trainer-Senior",3
"IT Operations Support Admin I",24
"IT Operations Support Admin II",68
"IT Operations Support Admin IV",104
"IT Operations Support Admin V",31
"IT Operations Support Admn III",137
"Illustrator and Art Designer",14
"Incident Support Specialist",21
"Industrial Engineer",2
"Industrial Hygienist",40
"Industrial Injury Investigator",6
"Insp, Fire Dept",74
"Inspector 2",7
"Inspector 3",318
"Inspector, (Police Department)",6
"Inspector, Weights & Measures",20
"Institution Utility Worker",59
"Institutional Police Officer",37
"Institutional Police Sergeant",6
"Instructional Designer",2
"Integrated Pest Mgmt Specialst",23
"Inventory Clerk",11
"Investigator, Tax Collector",28
"Investigator,Taxi & AccessSvcs",21
"Investigator/Transit Fare Supv",10
"Invstgtor Ofc Citizen Cmplnts",53
"Invstgtor,Fire Dept",9
"JANITORIAL SERVICES ASSISTANT SUPERVISOR",6
"JANITORIAL SERVICES SUPERVISOR",2
"JUNIOR ADMINISTRATIVE ANALYST",45
"JUNIOR CLERK",159
"JUNIOR CLERK TYPIST",2
"JUNIOR ENGINEER",57
"JUNIOR MANAGEMENT ASSISTANT",20
"Janitorial Services Supervisor",5
"Janitorial Svcs Asst Sprv",19
"Junior Administrative Analyst",198
"Junior Clerk",596
"Junior Clerk Typist",3
"Junior Engineer",208
"Junior Management Assistant",125
"LABORATORY HELPER",1
"LABORATORY SERVICES MANAGER",2
"LANDSCAPE ARCHITECT",3
"LANDSCAPE ARCHITECTURAL ASSOCIATE I",9
"LANDSCAPE ARCHITECTURAL ASSOCIATE II",8
"LAW LIBRARIAN",1
"LEGAL ASSISTANT",29
"LEGAL PROCESS CLERK",17
"LEGAL RESEARCH ASSISTANT",22
"LEGAL SECRETARY I",60
"LEGAL SECRETARY II",15
"LEGISLATION CLERK",1
"LEGISLATIVE ASSISTANT",35
"LEGISLATIVE ASSISTANT, CITY ATTORNEY'S OFFICE",1
"LEGISLATIVE CALENDAR CLERK",1
"LIBRARIAN I",182
"LIBRARIAN II",58
"LIBRARIAN II - ASIAN ARTS",1
"LIBRARIAN III",16
"LIBRARY ASSISTANT",101
"LIBRARY PAGE",308
"LIBRARY TECHNICAL ASSISTANT I",78
"LIBRARY TECHNICAL ASSISTANT II",33
"LICENSED VOCATIONAL NURSE",194
"LIEUTENANT I, (POLICE DEPARTMENT)",1
"LIEUTENANT II (POLICE DEPARTMENT)",1
"LIEUTENANT III (POLICE DEPARTMENT)",98
"LIEUTENANT, BUREAU OF FIRE PREVENTION AND PUBLIC S",8
"LIEUTENANT, FIRE DEPARTMENT",170
"LIGHTING FIXTURE MAINTENANCE WORKER",14
"LINE INSPECTOR",2
"LOCKSMITH",13
"LOCKSMITH SUPERVISOR I",1
"Lab Svcs Mgr",6
"Laboratory Technician I",3
"Laboratory Technician II",29
"Landscape Architect",10
"Landscape Architect Assoc 1",40
"Landscape Architect Assoc 2",21
"Law Librarian",3
"Legal Assistant",94
"Legal Process Clerk",57
"Legal Secretary 1",184
"Legal Secretary 2",37
"Legislation Clerk",2
"Legislative Assistant",125
"Legislative Asst City Atty Ofc",16
"Legislative Calendar Clerk",1
"Legislative Clerk",2
"Librarian 1",530
"Librarian 2",174
"Librarian 2 - Asian Arts",3
"Librarian 3",52
"Library Assistant",294
"Library Page",799
"Library Technical Assistant 1",237
"Library Technical Assistant 2",96
"Licensed Vocational Nurse",707
"Lieut,Fire Prev",28
"Lieutenant (Police Department)",1
"Lieutenant 2",7
"Lieutenant 3",303
"Lieutenant, Fire Suppression",572
"Light Rail Vehicle Equip Eng",1
"Lighting Fixture Maint Worker",51
"Line Inspector",6
"Locksmith",31
"Locksmith Supervisor 1",7
"MAIL AND REPRODUCTION SERVICE SUPERVISOR",2
"MAINTENANCE CONTROLLER",10
"MAINTENANCE ESTIMATOR AND SCHEDULER",8
"MAINTENANCE MACHINIST",46
"MAINTENANCE MACHINIST ASSISTANT SUPERVISOR",2
"MAINTENANCE MACHINIST SUPERVISOR I",5
"MAINTENANCE MANAGER",2
"MAINTENANCE PLANNER",23
"MANAGEMENT ASSISTANT",66
"MANAGER I",124
"MANAGER I - MUNICIPAL TRANSPORTATION AGENCY",10
"MANAGER II",118
"MANAGER II - MUNICIPAL TRANSPORTATION AGENCY",8
"MANAGER III",150
"MANAGER III - MUNICIPAL TRANSPORTATION AGENCY",10
"MANAGER IV",108
"MANAGER IV - MUNICIPAL TRANSPORTATION AGENCY",20
"MANAGER V",84
"MANAGER V - MUNICIPAL TRANSPORTATION AGENCY",15
"MANAGER VI",66
"MANAGER VI - MUNICIPAL TRANSPORTATION AGENCY",21
"MANAGER VII",25
"MANAGER VII - MUNICIPAL TRANSPORTATION AGENCY",5
"MANAGER VIII",26
"MANAGER VIII - MUNICIPAL TRANSPORTATION AGENCY",10
"MANAGER, EMPLOYEE RELATIONS DIV",2
"MANAGER, UNIFIED FAMILY COURT SERVICES",1
"MARINA ASSISTANT MANAGER",7
"MARINE ENGINEER OF FIRE BOATS",4
"MARITIME MARKETING REPRESENTATIVE",3
"MARKET RESEARCH SPECIALISTS, PORT",1
"MARRIAGE, FAMILY & CHILD COUNSELOR (MFCC)",79
"MATERIALS AND SUPPLIES SUPERVISOR",1
"MATERIALS COORDINATOR",6
"MATERIALS TESTING AIDE",4
"MATERIALS TESTING TECHNICIAN",5
"MAYOR",2
"MAYOR'S PROGRAM MANAGER",1
"MAYORAL STAFF II",1
"MAYORAL STAFF IV",2
"MAYORAL STAFF IX",3
"MAYORAL STAFF V",1
"MAYORAL STAFF VII",4
"MAYORAL STAFF X",3
"MAYORAL STAFF XI",1
"MAYORAL STAFF XII",2
"MAYORAL STAFF XIII",5
"MAYORAL STAFF XIV",2
"MAYORAL STAFF XV",9
"MAYORAL STAFF XVI",8
"MAYORAL STAFF XVII",6
"MECHANICAL SHOP AND EQUIPMENT SUPERINTENDENT",3
"MEDIA PRODUCTION SUPERVISOR",1
"MEDIA PRODUCTION TECHNICIAN",15
"MEDIA PROGRAMMING SPECIALIST",2
"MEDIA TRAINING SPECIALIST",1
"MEDIA/SECURITY SYSTEMS SPECIALIST",6
"MEDIA/SECURITY SYSTEMS SUPERVISOR",1
"MEDICAL EVALUATIONS ASSISTANT",165
"MEDICAL EXAMINER'S INVESTIGATOR I",10
"MEDICAL EXAMINER'S INVESTIGATOR II",8
"MEDICAL EXAMINER'S INVESTIGATOR III",2
"MEDICAL RECORDS CLERK",52
"MEDICAL RECORDS TECHNICIAN",38
"MEDICAL RECORDS TECHNICIAN SUPERVISOR",6
"MEDICAL SOCIAL WORK SUPERVISOR",3
"MEDICAL SOCIAL WORKER",94
"MEDICAL STAFF SERVICES DEPARTMENT ANALYST",2
"MEDICAL STAFF SERVICES DEPARTMENT SPECIALIST",4
"MEDICAL TRANSCRIBER TYPIST",5
"MEMBER, BOARD OF SUPERVISORS",15
"MENTAL HEALTH HEARING OFFICER",1
"MENTAL HEALTH REHABILITATION WORKER",559
"MENTAL HEALTH TREATMENT SPECIALIST",6
"METAL FABRICATOR",1
"METALSMITH",1
"METER READER",14
"MICROBIOLOGIST",7
"MICROPHOTO/IMAGING TECHNICIAN",4
"MOBILE EQUIPMENT ASSISTANT SUPERVISOR",2
"MOBILE EQUIPMENT SUPERVISOR",1
"MORGUE ATTENDANT",5
"MUNICIPAL STADIUM GROUNDSKEEPER",1
"MUSEUM GUARD",215
"MUSEUM PREPARATOR",13
"MUSEUM REGISTRAR",2
"MUSEUM SECURITY SUPERVISOR",12
"Mail & Reproduction Svc Sprv",6
"Main Machinist Asst Sprv",6
"Maintenance Controller",28
"Maintenance Machinist",133
"Maintenance Machinist Sprv 1",14
"Maintenance Manager",7
"Maintenance Planner",77
"Maintenance Scheduler",21
"Management Assistant",241
"Manager I",388
"Manager II",399
"Manager II, MTA",75
"Manager III",421
"Manager III, MTA",28
"Manager IV",330
"Manager IV, MTA",76
"Manager V",251
"Manager V, MTA",45
"Manager VI",198
"Manager VI, MTA",48
"Manager VII",73
"Manager VII, MTA",19
"Manager VIII",71
"Manager VIII, MTA",34
"Manager, Dept Public Health",2
"Manager,Employee Relations Div",6
"Managing Attorney",1
"Marina Assistant",4
"Marina Assistant Manager",13
"Marina Associate Manager",1
"Marine Engineer of Fire Boats",12
"Maritime Marketing Repr",9
"Market Research Spec, Port",3
"Marriage, Family & Child Cnslr",249
"Materials Coordinator",25
"Materials Testing Aide",12
"Materials Testing Technician",18
"Materials/Supplies Supervisor",3
"Mayor",3
"Mayoral Staff II",8
"Mayoral Staff IV",17
"Mayoral Staff IX",17
"Mayoral Staff V",6
"Mayoral Staff VII",5
"Mayoral Staff X",4
"Mayoral Staff XI",15
"Mayoral Staff XII",2
"Mayoral Staff XIII",13
"Mayoral Staff XIV",16
"Mayoral Staff XV",24
"Mayoral Staff XVI",18
"Mayoral Staff XVII",15
"Mech Shop & Equip Supt",6
"Med Examiner's Investigator I",25
"Med Examiner's Investigator II",27
"Med Examiner's InvestigatorIII",6
"Med Staff Svcs Dept Anl",6
"Med Staff Svcs Dept Spc",13
"Media Production Specialist",2
"Media Production Supv",6
"Media Production Tech",56
"Media Programming Spec",4
"Media Training Specialist",3
"Media/Security Sys Spec",15
"Media/Security Syst Supv",3
"Medical Evaluations Assistant",613
"Medical Records Clerk",154
"Medical Records Tech Sprv",18
"Medical Records Technician",126
"Medical Social Work Supervisor",10
"Medical Social Worker",298
"Medical Transcriber Typist",13
"Member, Board of Supervisors",35
"Mental Health Hearing Officer",2
"Mental Hlth Treatment Spec",15
"Metalsmith",3
"Meter Reader",34
"Mgr Museum Security Services",2
"Mgr, Unified Family Court Svcs",3
"Microbiologist",18
"Microphoto/Imaging Technician",16
"Mobile Equipment Supervisor",1
"Morgue Attendant",15
"Municipal Stadium Groundskpr",3
"Museum Guard",606
"Museum Preparator",49
"Museum Registrar",6
"Museum Sec Supv",28
"Musm Exhibit Packer & Repairer",1
"NURSE MANAGER",80
"NURSE MIDWIFE",18
"NURSE PRACTITIONER",207
"NURSERY SPECIALIST",5
"NURSES STAFFING ASSISTANT",21
"NURSING ASSISTANT",127
"NURSING SUPERVISOR",44
"NURSING SUPERVISOR PSYCHIATRIC",4
"NUTRITIONIST",23
"Not provided",4
"Nurse Manager",262
"Nurse Midwife",54
"Nurse Practitioner",674
"Nursery Specialist",14
"Nurses Staffing Assistant",57
"Nursing Assistant",392
"Nursing Supervisor",137
"Nursing Supervisor Psychiatric",11
"Nutritionist",74
"OCCUPATIONAL THERAPIST",52
"OFFSET MACHINE OPERATOR",5
"OPERATING ENGINEER, UNIVERSAL",50
"OPERATING ROOM NURSE",2
"ORNAMENTAL IRON WORKER",9
"ORNAMENTAL IRON WORKER SUPERVISOR I",1
"ORTHOPEDIC TECHNICIAN I",1
"ORTHOPEDIC TECHNICIAN II",1
"Occupational Therapist",147
"Offset Machine Operator",18
"Operating Engineer, Universal",129
"Operating Room Nurse",2
"Ornamental Iron Worker",29
"Ornamental Iron Wrk Sprv 1",3
"Orthopedic Technician 1",3
"Orthopedic Technician 2",3
"PAINTER",108
"PAINTER SUPERVISOR I",13
"PAINTER SUPERVISOR II",1
"PARK PATROL OFFICER",18
"PARK SECTION SUPERVISOR",31
"PARKING CONTROL OFFICER",272
"PARKING ENFORCEMENT ADMINISTRATOR",3
"PARKING HEARING EXAMINER",19
"PARKING METER REPAIRER",21
"PARKING METER REPAIRER SUPERVISOR I",3
"PARTS STOREKEEPER",36
"PATIENT ACCOUNTS ASSISTANT SUPERVISOR",5
"PATIENT ACCOUNTS CLERK",14
"PATIENT ACCOUNTS MANAGER",2
"PATIENT ACCOUNTS SUPERVISOR",7
"PATIENT SERVICES FINANCE TECHNICIAN",17
"PATTERN MAKER",3
"PAYROLL CLERK",66
"PAYROLL SUPERVISOR",2
"PERFORMANCE ANALYST III - PROJECT MANAGER",6
"PERFORMING ARTS CENTER AIDE",8
"PERMIT AND CITATION CLERK",23
"PERSONAL PROPERTY AUDITOR",21
"PERSONNEL ANALYST",68
"PERSONNEL CLERK",17
"PERSONNEL PAYROLL REPRESENTATIVE",3
"PERSONNEL TECHNICIAN",15
"PEST CONTROL SPECIALIST",7
"PHARMACIST",50
"PHARMACY HELPER",6
"PHARMACY TECHNICIAN",63
"PHOTOGRAPHER",3
"PHYSICAL THERAPIST",48
"PHYSICAL THERAPIST ASSISTANT",5
"PHYSICAL THERAPY AIDE",13
"PHYSICIAN ASSISTANT",20
"PHYSICIAN SPECIALIST",136
"PIANIST",1
"PILE WORKER",11
"PILEDRIVER ENGINE OPERATOR",2
"PILEDRIVER SUPERVISOR I",3
"PILOT OF FIRE BOATS",5
"PIPE WELDER",8
"PLANNER I",6
"PLANNER II",36
"PLANNER III",57
"PLANNER III-ENVIRONMENTAL REVIEW",17
"PLANNER IV",22
"PLANNER IV-ENVIRONMENTAL REVIEW",15
"PLANNER TECHNICIAN",3
"PLANNER V",5
"PLUMBER",67
"PLUMBER SUPERVISOR I",8
"PLUMBER SUPERVISOR II",2
"PLUMBING INSPECTOR",15
"POLICE COMMUNICATIONS SHIFT SUPERVISOR",8
"POLICE OFFICER I",467
"POLICE OFFICER II",361
"POLICE OFFICER III",779
"POLICE SERVICES AIDE",2
"PORT DIRECTOR",1
"PORTER",370
"PORTER ASSISTANT SUPERVISOR",4
"PORTER SUPERVISOR I",11
"POWER GENERATION SUPERVISOR",3
"POWER GENERATION TECHNICIAN I",1
"POWER GENERATION TECHNICIAN II",12
"POWER HOUSE ELECTRICIAN SUPERVISOR I",1
"POWER HOUSE OPERATOR",5
"POWER PLANT SUPERVISOR I",1
"POWERHOUSE ELECTRICIAN SUPERVISOR II",1
"PRINCIPAL ACCOUNT CLERK",38
"PRINCIPAL ACCOUNTANT",99
"PRINCIPAL ADMINISTRATIVE ANALYST",146
"PRINCIPAL ADMINISTRATIVE ANAYLST II",22
"PRINCIPAL CIVIL ENGINEER",32
"PRINCIPAL CLERK",105
"PRINCIPAL DISTRICT ATTORNEY'S INVESTIGATOR",2
"PRINCIPAL ENVIRONMENTAL HEALTH INSPECTOR",6
"PRINCIPAL ENVIRONMENTAL SPECIALIST",10
"PRINCIPAL FARE COLLECTIONS RECEIVER",3
"PRINCIPAL INVESTIGATOR, TAX COLLECTOR",1
"PRINCIPAL MANAGEMENT ANALYST",4
"PRINCIPAL MUSEUM PREPARATOR",1
"PRINCIPAL PARTS STOREKEEPER",2
"PRINCIPAL PAYROLL AND PERSONNEL CLERK",18
"PRINCIPAL PERMIT AND CITATION CLERK",7
"PRINCIPAL PERSONAL PROPERTY AUDITOR",5
"PRINCIPAL PERSONNEL ANALYST",6
"PRINCIPAL REAL PROPERTY APPRAISER",6
"PRINCIPAL REAL PROPERTY OFFICER",3
"PRINCIPAL RECREATION SUPERVISOR",1
"PRINCIPAL WATER SERVICES CLERK",11
"PROBATE EXAMINER",5
"PROGRAM SPECIALIST",65
"PROGRAM SPECIALIST SUPERVISOR",5
"PROGRAM SUPPORT ANALYST",13
"PROJECT MANAGER I",16
"PROJECT MANAGER II",8
"PROJECT MANAGER III",9
"PROJECT MANAGER IV",7
"PROTECTIVE SERVICES SUPERVISOR",38
"PROTECTIVE SERVICES WORKER",208
"PS Aide Health Services",319
"PS Aide to Prof",627
"PSYCHIATRIC SOCIAL WORKER",123
"PSYCHIATRIC TECHNICIAN",45
"PUBLIC DEFENDER",1
"PUBLIC DEFENDER'S INVESTIGATOR",12
"PUBLIC HEALTH NURSE",58
"PUBLIC HEALTH TEAM LEADER",16
"PUBLIC INFORMATION OFFICER",6
"PUBLIC RELATIONS ASSISTANT",4
"PUBLIC RELATIONS MANAGER",2
"PUBLIC RELATIONS OFFICER",19
"PUBLIC SAFETY COMMUNICATIONS DISPATCHER",159
"PUBLIC SAFETY COMMUNICATIONS TECHNICIAN",1
"PUBLIC SERVICE AIDE-ADMINISTRATIVE",4
"PUBLIC SERVICE AIDE-ASSISTANT TO PROFESSIONALS",151
"PUBLIC SERVICE AIDE-ASSOCIATE TO PROFESSIONALS",182
"PUBLIC SERVICE AIDE-HEALTH SERVICES",139
"PUBLIC SERVICE AIDE-SPECIAL PROGRAMS",531
"PUBLIC SERVICE TRAINEE",328
"PURCHASER",10
"Painter",363
"Painter Supervisor 1",39
"Painter Supervisor 2",3
"Park Patrol Officer",74
"Park Section Supervisor",106
"Parking Control Officer",868
"Parking Enforcement Admin",9
"Parking Hearing Examiner",19
"Parking Meter Repairer",65
"Parking Meter Repairer Sprv 1",10
"Parts Storekeeper",109
"Patient Accounts Asst Sprv",15
"Patient Accounts Clerk",47
"Patient Accounts Manager",6
"Patient Accounts Supervisor",17
"Patient Care Assistant",1945
"Patient Svcs Finance Tech",52
"Pattern Maker",9
"Payroll Clerk",175
"Payroll Supervisor",4
"Perf Analyst III Project Mgr",23
"Performance Analyst I",3
"Performance Analyst II",40
"Permit and Citation Clerk",65
"Personal Property Auditor",52
"Personnel Analyst",236
"Personnel Clerk",64
"Personnel Technician",29
"Personnel Trainee",10
"Personnel/Payroll Repres",7
"Pharmacist",165
"Pharmacy Helper",17
"Pharmacy Technician",202
"Photographer",12
"Physical Therapist",166
"Physical Therapist Assistant",15
"Physician Assistant",62
"Physician Specialist",392
"Pianist",1
"Pile Worker",42
"Piledriver Engine Operator",6
"Piledriver Supervisor 1",8
"Pilot of Fire Boats",15
"Pipe Welder",21
"Planner 1",43
"Planner 2",106
"Planner 3",174
"Planner 3-Environmental Review",78
"Planner 4",62
"Planner 4-Environmental Review",42
"Planner 5",17
"Planner Technician",11
"Plumber",198
"Plumber Supervisor 1",27
"Plumber Supervisor 2",3
"Plumbing Inspector",50
"Police Officer",1476
"Police Officer 2",1141
"Police Officer 3",2421
"Police Services Aide",1
"Pool Lifeguard",374
"Port Director",3
"Porter",1095
"Porter Assistant Supervisor",12
"Porter Supervisor 1",32
"Power Generation Supervisor",13
"Power Generation Technician 1",9
"Power Generation Technician 2",25
"Power House Operator",15
"Power Plant Supervisor 1",3
"Pr Administrative Analyst",512
"Pr DistAtty Invstgtor,SpecUnit",1
"Pr Environmental Hlth Insp",16
"Pr Fare Collections Receiver",6
"Pr Investigator, Tax Collector",3
"Pr Payroll & Personnel Clerk",52
"Pr Personal Property Auditor",15
"Pr Real Property Appraiser",22
"PrDAInvest,SpecUnit (SFERS)",3
"Principal Account Clerk",113
"Principal Clerk",350
"Principal Environ Specialist",24
"Principal Mgmt Analyst",7
"Principal Museum Preparator",3
"Principal Parts Storekeeper",6
"Principal Personnel Analyst",13
"Principal Real Property Ofc",5
"Principal Recreation Sprv",3
"Principal Water Services Clerk",32
"Prnpl Admin Analyst II",60
"Probate Examiner",8
"Program Specialist",210
"Program Specialist Supervisor",16
"Program Support Analyst",65
"Project Manager 1",55
"Project Manager 2",54
"Project Manager 3",34
"Project Manager 4",15
"Property Manager, Port",21
"Protective Services Supervisor",118
"Protective Services Worker",616
"Prpl Permit and Citation Clerk",21
"Psychiatric Social Worker",376
"Psychiatric Technician",105
"Pub Safety Communication Coord",25
"Publ Svc Aide-Asst to Prof",574
"Public Defender",3
"Public Defender's Investigator",33
"Public Health Nurse",177
"Public Health Team Leader",44
"Public Information Officer",41
"Public Relations Assistant",20
"Public Relations Mgr",7
"Public Relations Officer",63
"Public Safety Comm Tech",1
"Public SafetyComm Disp",473
"Public SafetyComm Supv",73
"Public Service Aide-Admin",43
"Public Service Aide-Technical",1
"Public Service Trainee",1328
"Public Svc Aide-Public Works",2518
"Purchaser",31
"RADIOLOGIC TECHNOLOGIST SUPERVISOR",4
"REAL PROPERTY APPRAISER",26
"REAL PROPERTY APPRAISER TRAINEE",3
"REAL PROPERTY OFFICER",2
"RECREATION COORDINATOR",61
"RECREATION DIRECTOR",10
"RECREATION LEADER",692
"RECREATION SPECIALIST",19
"RECREATION SUPERVISOR",13
"REGISTERED NURSE",1219
"REGULATORY SPECIALIST",8
"REHABILITATION COUNSELOR",5
"REHABILITATION SERVICES COORDINATOR",17
"RENT BOARD SUPERVISOR",1
"REPRESENTATIVE, COMMISSION ON THE STATUS OF WOMEN",2
"REPRESENTATIVE, HUMAN RIGHTS COMMISSION",10
"RESEARCH ASSISTANT",2
"RESEARCH PSYCHOLOGIST",2
"RESPIRATORY CARE PRACTITIONER",8
"RETIREMENT ANALYST",8
"ROOFER",9
"ROOFER SUPERVISOR I",1
"Radiologic Tech Sprv",12
"Real Estate Devt. Mgr, SFMTA",3
"Real Property Appraiser",100
"Real Property Manager",6
"Recreation Coordinator",187
"Recreation Director",35
"Recreation Leader",1971
"Recreation Specialist",55
"Recreation Supervisor",30
"Registered Nurse",3736
"Regulatory Specialist",36
"Rehabilitation Counselor",15
"Rehabilitation Svcs Coord",47
"Rent Board Supervisor",3
"Rep, Comm Status of Women",6
"Rep, Human Rights Comm",17
"Research Assistant",12
"Research Asst, Superior Court",39
"Research Psychologist",4
"Respiratory Care Practitioner",22
"Roofer",23
"Roofer Supervisor 1",3
"SAFETY ANALYST",13
"SAFETY OFFICER",8
"SCHOOL CROSSING GUARD",154
"SECRETARY I",27
"SECRETARY II",120
"SECRETARY TO THE PRESIDING JUDGE",1
"SECRETARY, BUILDING INSPECTION COMMISSION",2
"SECRETARY, COMMISSION ON THE ENVIRONMENT",1
"SECRETARY, HEALTH COMMISSION",1
"SECRETARY, HUMAN SERVICES COMMISSION",1
"SECRETARY, LIBRARY COMMISSION",1
"SECRETARY,JUVENILE PROBATION COMMISSION",1
"SECURITY ANALYST",6
"SECURITY GUARD",25
"SENIOR ACCOUNT CLERK",148
"SENIOR ACCOUNTANT",64
"SENIOR ADMINISTRATIVE ANALYST",191
"SENIOR AIRPORT COMMUNICATIONS DISPATCHER",9
"SENIOR ASSESSMENT CLERK",12
"SENIOR BOOK REPAIRER",1
"SENIOR BUILDING INSPECTOR",9
"SENIOR CENTRAL PROCESSING AND DISTRIBUTION TECHNIC",2
"SENIOR CLAIMS INVESTIGATOR",1
"SENIOR CLAIMS INVESTIGATOR,CITY ATTORNEY'S OFFICE",6
"SENIOR CLERK",224
"SENIOR CLERK TYPIST",310
"SENIOR COLLECTIONS OFFICER",44
"SENIOR COMMUNITY DEVELOPMENT SPECIALIST I",35
"SENIOR COMMUNITY DEVELOPMENT SPECIALIST II",23
"SENIOR CONSTRUCTION INSPECTOR",14
"SENIOR COUNSELOR, JUVENILE HALL",14
"SENIOR COURT STAFF ATTORNEY",5
"SENIOR CUSTOMER SERVICE AGENT",72
"SENIOR DATA ENTRY OPERATOR",1
"SENIOR DEPUTY SHERIFF",92
"SENIOR DISTRICT ATTORNEY'S INVESTIGATOR",6
"SENIOR ELECTRICAL INSPECTOR",3
"SENIOR ELIGIBILITY WORKER",308
"SENIOR EMPLOYEE ASSISTANCE COUNSELOR",1
"SENIOR EMPLOYEE RELATIONS REPRESENTATIVE",2
"SENIOR ENGINEER",99
"SENIOR ENVIRONMENT SPECIALIST",20
"SENIOR ENVIRONMENTAL HEALTH INSPECTOR",37
"SENIOR ESTATE INVESTIGATOR",5
"SENIOR FARE COLLECTIONS RECEIVER",14
"SENIOR FISCAL TECHNICIAN",8
"SENIOR FOOD SERVICE SUPERVISOR",1
"SENIOR FOOD SERVICE WORKER",22
"SENIOR GENERAL UTILITY MECHANIC",1
"SENIOR HEALTH EDUCATOR",2
"SENIOR HEALTH PROGRAM PLANNER",10
"SENIOR HOUSING INSPECTOR",5
"SENIOR HUMAN RESOURCES ANALYST",2
"SENIOR INDUSTRIAL HYGIENIST DEPT OF PUBLIC HEALTH",10
"SENIOR INVESTIGATOR, OFFICE OF CITIZEN'S COMPLAINT",3
"SENIOR LAUNDRY WORKER",4
"SENIOR LEGAL PROCESS CLERK",51
"SENIOR LIGHT RAIL VEHICLE EQUIPMENT ENGINEER",1
"SENIOR MAINTENANCE CONTROLLER",1
"SENIOR MANAGEMENT ASSISTANT",44
"SENIOR MARRIAGE, FAMILY & CHILD COUNSELOR (MFCC)",11
"SENIOR MATERIALS AND SUPPLIES SUPERVISOR",1
"SENIOR MEDICAL SOCIAL WORKER",5
"SENIOR MEDICAL TRANSCRIBER TYPIST",1
"SENIOR MICROBIOLOGIST",4
"SENIOR MICROPHOTO/IMAGING TECHNICIAN",7
"SENIOR MORGUE ATTENDANT",1
"SENIOR MUSEUM PREPARATOR",3
"SENIOR MUSEUM REGISTRAR",3
"SENIOR OCCUPATIONAL THERAPIST",5
"SENIOR OFFSET MACHINE OPERATOR",1
"SENIOR OPERATIONS MANAGER",1
"SENIOR PARKING CONTROL OFFICER",26
"SENIOR PARTS STOREKEEPER",8
"SENIOR PAYROLL AND PERSONNEL CLERK",63
"SENIOR PERMIT AND CITATION CLERK",20
"SENIOR PERSONAL PROPERTY AUDITOR",14
"SENIOR PERSONNEL ANALYST",91
"SENIOR PERSONNEL CLERK",37
"SENIOR PHARMACY HELPER",1
"SENIOR PHYSICAL THERAPIST",5
"SENIOR PHYSICIAN SPECIALIST",136
"SENIOR PLAN CHECKER",1
"SENIOR PLUMBING INSPECTOR",3
"SENIOR POLICE COMMUNICATIONS DISPATCHER",24
"SENIOR POWER GENERATION TECHNICIAN",6
"SENIOR POWER HOUSE OPERATOR",6
"SENIOR PROPERTY MANAGER, PORT",3
"SENIOR PSYCHIATRIC ORDERLY",1
"SENIOR PSYCHIATRIC SOCIAL WORKER",28
"SENIOR PUBLIC DEFENDER'S INVESTIGATOR",8
"SENIOR PURCHASER",13
"SENIOR RADIO TECHNICIAN",10
"SENIOR REAL PROPERTY APPRAISER",16
"SENIOR REAL PROPERTY OFFICER",4
"SENIOR SOCIAL WORKER",129
"SENIOR STATIONARY ENGINEER",37
"SENIOR STATIONARY ENGINEER, SEWAGE PLANT",41
"SENIOR STATIONARY ENGINEER, WATER TREATMENT PLANT",18
"SENIOR STOREKEEPER",10
"SENIOR STREET INSPECTOR",6
"SENIOR SUPERVISING PROBATION OFFICER, JUVENILE POU",1
"SENIOR SWIMMING INSTRUCTOR",8
"SENIOR SYSTEMS ACCOUNTANT",51
"SENIOR TELEPHONE OPERATOR",35
"SENIOR TRANSCRIBER TYPIST",2
"SENIOR TRANSIT INFORMATION CLERK",3
"SENIOR TRANSIT TRAFFIC CHECKER",1
"SENIOR UNIT CLERK",4
"SENIOR WATER SERVICE INSPECTOR",8
"SENIOR WATER SERVICES CLERK",43
"SERGEANT I (POLICE DEPARTMENT)",17
"SERGEANT II (POLICE DEPARTMENT)",19
"SERGEANT III (POLICE DEPARTMENT)",295
"SEWAGE TREATMENT PLANT SUPERINTENDENT",8
"SEWER MAINTENANCE WORKER",10
"SEWER REPAIR SUPERVISOR",5
"SEWER SERVICE WORKER",25
"SHADE AND DRAPERY WORKER",1
"SHEET METAL SUPERVISOR I",5
"SHEET METAL WORKER",31
"SHEET METAL WORKER SUPERVISOR II",2
"SHELTER OFFICE ASSISTANT SUPERVISOR",1
"SHELTER OFFICE SUPERVISOR",1
"SHELTER SERVICE REPRESENTATIVE",7
"SHELTER VETERINARIAN",2
"SHERIFF",1
"SHERIFF'S CADET",64
"SHERIFF'S CAPTAIN",8
"SHERIFF'S LIEUTENANT",37
"SHERIFF'S PROPERTY KEEPER",11
"SHERIFF'S SERGEANT",55
"SIGN WORKER",24
"SIGNAL AND SYSTEMS ENGINEER",1
"SOCIAL WORK SPECIALIST",23
"SOCIAL WORK SUPERVISOR",17
"SOCIAL WORKER",41
"SOFT FLOOR COVERER",7
"SOFT FLOOR COVERER SUPERVISOR",1
"SPECIAL ASSISTANT III",2
"SPECIAL ASSISTANT XIV",1
"SPECIAL ASSISTANT XV",1
"SPECIAL ASSISTANT XVI",1
"SPECIAL ASSISTANT XVIII",1
"SPECIAL ASSISTANT XXII",2
"SPECIAL EXAMINER",15
"SPECIAL NURSE",1402
"SPECIALIST IN AGING II",2
"SPEECH PATHOLOGIST",15
"STABLE ATTENDANT",4
"STAGE ELECTRICIAN",22
"STATION AGENT, MUNICIPAL RAILWAY",52
"STATION OFFICER",9
"STATIONARY ENGINEER",226
"STATIONARY ENGINEER, SEWAGE PLANT",158
"STATIONARY ENGINEER, WATER TREATMENT PLANT",47
"STATISTICIAN",1
"STEAMFITTER",16
"STEAMFITTER ASSISTANT SUPERVISOR",2
"STOREKEEPER",35
"STORES AND EQUIPMENT ASSISTANT SUPERVISOR",2
"STREET ENVIRONMENTAL SERVICES OPERATIONS SUPERVI",10
"STREET INSPECTION SUPERVISOR",2
"STREET INSPECTOR",19
"STREET REPAIR SUPERVISOR II",3
"STRUCTURAL ENGINEER",5
"STUDENT DESIGN TRAINEE 1/ARC-ENG-PLNG",113
"STUDENT DESIGN TRAINEE 2/ARC-ENG-PLNG",62
"STUDENT DESIGN TRAINEE 3/ARC-ENG-PLNG",64
"SUPERINTENDENT OF WATER TREATMENT FACILITIES",2
"SUPERIOR COURT JUDGE",53
"SUPERVISING ADULT PROBATION OFFICER",13
"SUPERVISING AUDITOR",9
"SUPERVISING BIOLOGIST",5
"SUPERVISING BUILDING AND GROUNDS PATROL OFFICER",3
"SUPERVISING CHEMIST",13
"SUPERVISING CLINICAL PSYCHOLOGIST",3
"SUPERVISING COURT ADMINISTRATIVE SECRETARY",1
"SUPERVISING ELECTRONIC MAINTENANCE TECHNICIAN",4
"SUPERVISING PARTS STOREKEEPER",1
"SUPERVISING PHARMACIST",7
"SUPERVISING PHYSICIAN SPECIALIST",22
"SUPERVISING PROBATION OFFICER, JUVENILE COURT",6
"SUPERVISING PURCHASER",5
"SUPERVISING WASTEWATER CONTROL INSPECTOR",2
"SUPERVISING WELFARE FRAUD INVESTIGATOR",1
"SUPERVISOR, TRAFFIC AND STREET SIGNS",3
"SUPPLY ROOM ATTENDENT",1
"SURGICAL PROCEDURES TECHNICIAN",16
"SURVEY ASSISTANT II",8
"SURVEY ASSISTNAT I",16
"SURVEY ASSOCIATE",14
"SWIMMING INSTRUCTOR/POOL LIFEGUARD",119
"SWITCH REPAIRER",8
"Safety Analyst",37
"Safety Officer",22
"School Crossing Guard",558
"Sctry, Bldg Inspection Comm",6
"Sctry, Human Svcs. Commission",3
"Sctry, Juv Probation Comm",3
"Secretary 1",78
"Secretary 2",301
"Secretary, Comm on the Environ",3
"Secretary, Health Commission",3
"Secretary, Library Commission",3
"Security Analyst",15
"Security Guard",86
"Sen Hospital Eligibility Wrkr",3
"Senior Account Clerk",439
"Senior Administrative Analyst",615
"Senior Assessment Clerk",3
"Senior Benefits Analyst",31
"Senior Book Repairer",3
"Senior Building Inspector",26
"Senior Claims Investigator",4
"Senior Clerk",840
"Senior Clerk Typist",745
"Senior Collections Officer",119
"Senior Comm Systems Technican",22
"Senior Const Inspector",44
"Senior Data Entry Operator",2
"Senior Deputy Sheriff",250
"Senior Electrical Inpsector",8
"Senior Eligibility Worker",571
"Senior Emp Relations Repres",7
"Senior Estate Investigator",14
"Senior Fiscal Technician",15
"Senior Food Service Supervisor",3
"Senior Food Service Worker",62
"Senior Health Educator",8
"Senior Health Program Planner",28
"Senior Housing Inspector",15
"Senior Industrial Hygienist",30
"Senior Laundry Worker",12
"Senior Legal Process Clerk",139
"Senior Maintenance Controller",1
"Senior Management Assistant",154
"Senior Medical Social Worker",15
"Senior Microbiologist",12
"Senior Morgue Attendant",3
"Senior Museum Preparator",5
"Senior Museum Registrar",10
"Senior Occupational Therapist",15
"Senior Offset Machine Operator",2
"Senior Parking Control Officer",100
"Senior Parts Storekeeper",28
"Senior Personnel Analyst",328
"Senior Personnel Clerk",114
"Senior Pharmacy Helper",3
"Senior Physical Therapist",15
"Senior Physician Specialist",390
"Senior Plan Checker",3
"Senior Plumbing Inspector",9
"Senior Power House Operator",18
"Senior Property Manager, Port",9
"Senior Psychiatric Orderly",3
"Senior Purchaser",37
"Senior Real Property Appraiser",43
"Senior Real Property Officer",7
"Senior Social Worker",244
"Senior Stationary Engineer",105
"Senior Storekeeper",25
"Senior Street Inspector",12
"Senior Telephone Operator",89
"Senior Transcriber Typist",3
"Senior Transit Traffic Checker",3
"Senior Unit Clerk",12
"Senior Water Service Inspector",26
"Senior Water Services Clerk",137
"Sergeant 2",131
"Sergeant 3",1047
"Sergeant, (Police Department)",38
"Sewage Treatment Plant Supt",27
"Sewer Maintenance Worker",27
"Sewer Repair Supervisor",15
"Sewer Service Worker",93
"Shade and Drapery Worker",3
"Sheet Metal Supervisor 1",12
"Sheet Metal Worker",94
"Sheet Metal Wrk Supervisor 2",3
"Shelter Office Asst Supv",3
"Shelter Officer Supervisor",3
"Shelter Service Rep",36
"Shelter Veterinarian",6
"Sheriff",1
"Sheriff (SFERS)",3
"Sheriff's Cadet",186
"Sheriff's Captain",23
"Sheriff's Lieutenant",103
"Sheriff's Property Keeper",26
"Sheriff's Sergeant",153
"Sign Worker",79
"Signal and Systems Engineer",3
"Snr Permit and Citation Clerk",60
"Social Work Specialist",97
"Social Work Supervisor",59
"Social Worker",172
"Soft Floor Coverer",14
"Soft Floor Coverer Supvr I",3
"Special Assistant 10",15
"Special Assistant 11",2
"Special Assistant 13",1
"Special Assistant 14",3
"Special Assistant 15",3
"Special Assistant 16",2
"Special Assistant 18",1
"Special Assistant 19",6
"Special Assistant 21",3
"Special Assistant 22",7
"Special Assistant 3",8
"Special Assistant 8",1
"Special Examiner",55
"Special Nurse",4389
"Specialist in Aging 2",3
"Speech Pathologist",41
"Sprv Adult Prob Ofc (SFERS)",4
"Sprv Adult Probation Ofc",38
"Sprv Clincal Psychologist",11
"Sprv Electronic Main Tech",12
"Sprv Prob Ofc, Juv Court",22
"Sprv Wastewater Cont Inspector",12
"Sprv, Traffic & Street Signs",11
"Sr Airport Communications Disp",30
"Sr Cent Proc & Dist Tech",6
"Sr Cnselor, Juv Hall (SFERS)",1
"Sr Community Dev Spec 2",84
"Sr Counselor, Juvenile Hall",39
"Sr Court Staff Attorney",7
"Sr District Atty Investigator",21
"Sr Employee Asst Counselor",3
"Sr Environmental Hlth Insp",103
"Sr Fare Collections Receiver",41
"Sr General Utility Mechanic",2
"Sr Human Resources Analyst",5
"Sr Investigator, OCC",7
"Sr Light Rail Veh Equip Eng",3
"Sr Marriage, Fam & Cld Cnslr",30
"Sr Materials & Supplies Sprv",5
"Sr Medical Transcriber Typist",3
"Sr Opers Mgr",2
"Sr Payroll & Personnel Clerk",199
"Sr Personal Property Auditor",44
"Sr Power Generation Tech",22
"Sr Psychiatric Social Worker",82
"Sr Public Defenders Invstgtor",22
"Sr Sprv Prob Ofc, Juv Prob",1
"Sr Statnry Eng, Wtr Treat Plnt",53
"Sr Transit Information Clerk",9
"Sr. Community Devl Spc 1",148
"Sr. Environmental Spec",61
"Sr. Microphoto/Imaging Tech.",16
"Sr. Stationary Eng, Sew Plant",117
"SrClaimsInvstgtor,Cty Atty Ofc",15
"Stable Attendant",12
"Stage Electrician",66
"Station Agent, Muni Railway",164
"Stationary Eng, Sewage Plant",457
"Stationary Engineer",660
"Statistician",3
"Statnry Eng Water Treat Plant",138
"StdntDsgn Train2/Arch/Eng/Plng",188
"StdntDsgnTrain1, Arch/Eng/Plng",417
"StdntDsgnTrain3, Arch/Eng/Plng",204
"Steamfitter",47
"Steamfitter Supervisor I",5
"Storekeeper",110
"Stores & Equip Asst Sprv",11
"Street Environ Svcs Oprs Supv",33
"Street Inspection Supervisor",6
"Street Inspector",66
"Street Repair Supervisor 2",9
"Structural Engineer",18
"Sup Ct Admin Secretary",2
"Sup Welfare Fraud Investigator",3
"Superior Court Judge",102
"Supervising Mediator, UFCS",1
"Supervising Parts Storekeeper",3
"Supervising Pharmacist",21
"Supervising Physician Spec",52
"Supervising Purchaser",14
"Supply Room Attendant",2
"Supt Water Treatment Fac",6
"Supv Biologist",16
"Supv Bldg Grounds Patrol Ofcr",7
"Supv Chemist",33
"Surgical Procedures Technician",48
"Survey Assistant I",35
"Survey Assistant II",36
"Survey Associate",39
"Swimming Instr/Pool Lifeguard",56
"Swimming Instructor",193
"Switch Repairer",23
"TELECOMMUNICATIONS TECHNICIAN SUPERVISOR",1
"TELEPHONE OPERATOR",8
"TESTING TECHNICIAN",61
"TILE SETTER",3
"TRACK MAINTENANCE SUPERINTENDENT,MUNICIPAL RAILWAY",1
"TRACK MAINTENANCE WORKER",33
"TRACK MAINTENANCE WORKER SUPERVISOR I",8
"TRAF SIGNAL ELECTRICIAN SUP I",1
"TRAF SIGNAL ELECTRICIAN SUP II",1
"TRAFFIC HEARING OFFICER",1
"TRAFFIC SIGN MANAGER",1
"TRAFFIC SIGNAL ELECTRICIAN",17
"TRAFFIC SIGNAL OPERATOR",1
"TRAFFIC SURVEY TECHNICIAN",13
"TRAIN CONTROLLER",17
"TRAINING COORDINATOR",1
"TRAINING OFFICER",20
"TRAINING TECHNICIAN",1
"TRANSCRIBER TYPIST",8
"TRANSIT CAR CLEANER",82
"TRANSIT CAR CLEANER ASSISTANT SUPERVISOR",9
"TRANSIT FARE INSPECTOR",42
"TRANSIT INFORMATION CLERK",4
"TRANSIT MANAGER I",8
"TRANSIT MANAGER II",12
"TRANSIT OPERATIONS SPECIALIST",7
"TRANSIT OPERATOR",2388
"TRANSIT PAINT SHOP SUPERVISOR I",1
"TRANSIT PLANNER II",11
"TRANSIT PLANNER III",12
"TRANSIT PLANNER IV",15
"TRANSIT POWER LINE SUPERVISOR I",6
"TRANSIT POWER LINE WORKER",18
"TRANSIT POWER LINE WORKER SUPERVISOR II",1
"TRANSIT SUPERVISOR",199
"TRANSIT TRAFFIC CHECKER",7
"TRANSMISSION AND DISTRIBUTION LINE WORKER",14
"TRANSMISSION LINE SUPERVISOR I",3
"TRANSPORTATION SAFETY SPECIALIST",9
"TREASURER",1
"TREE TOPPER",24
"TREE TOPPER SUPERVISOR I",8
"TREE TOPPER SUPERVISOR II",1
"TRIAL DELAY REDUCTION COORDINATOR",1
"TRUCK DRIVER",182
"Telecommunications Tech Supv",3
"Telephone Operator",24
"Testing Technician",139
"Therapy Aide",37
"Tile Setter",11
"Track Maint Supt, Muni Railway",2
"Track Maint Wrk Sprv 1",23
"Track Maintenance Worker",96
"Traf Signal Electrician Sup I",9
"Traf Signal Electrician Sup II",3
"Traffic Sign Manager",2
"Traffic Signal Electrician",60
"Traffic Signal Operator",3
"Traffic Survey Technician",43
"Train Controller",48
"Training Coordinator",2
"Training Officer",64
"Training Technician",2
"Trans Safety Specialist",30
"Trans and Dist Line Worker",34
"Transcriber Typist",25
"Transit Car Cleaner",268
"Transit Car Cleaner Asst Sprv",26
"Transit Fare Insp. Sup/Invst.",22
"Transit Fare Inspector",157
"Transit Information Clerk",14
"Transit Manager 1",22
"Transit Manager 2",32
"Transit Operations Specialist",16
"Transit Operator",7036
"Transit Paint Shop Sprv1",2
"Transit Planner 2",27
"Transit Planner 4",32
"Transit Planner III",39
"Transit Power Cable Splicer",4
"Transit Power Line Sprv1",19
"Transit Power Line Worker",57
"Transit Supervisor",613
"Transit Traffic Checker",19
"Transmission Line Supervisor 1",9
"Transportation Planner II",17
"Transportation Planner III",22
"Transportation Planner IV",16
"Treasurer",3
"Trnst Power Line Wrk Sprv 2",3
"Truck Driver",527
"UNDERSHERIFF",2
"UNIT CLERK",80
"URBAN FORESTRY INSPECTOR",6
"UTILITY ANALYST",12
"UTILITY PLUMBER",65
"UTILITY PLUMBER APPRENTICE",8
"UTILITY PLUMBER SUPERVISOR I",29
"UTILITY PLUMBER SUPERVISOR II",9
"UTILITY SPECIALIST",52
"Undersheriff",4
"Undersheriff (SFERS)",1
"Unit Clerk",218
"Urban Forestry Inspector",18
"Utility Analyst",61
"Utility Plumber",178
"Utility Plumber Apprentice",40
"Utility Plumber Supervisor 1",86
"Utility Plumber Supervisor 2",23
"Utility Specialist",154
"VENDOR",51
"VETERNIARY LABORATORY TECHNOLOGIST",1
"VICTIM & WITNESS TECHNICIAN",1
"VICTIM/WITNESS INVESTIGATOR I",15
"VICTIM/WITNESS INVESTIGATOR II",8
"VICTIM/WITNESS INVESTIGATOR III",11
"VOLUNTEER/OUTREACH COORDINATOR",8
"Vet Laboratory Technologist",2
"Victim & Witness Technician",3
"Victim/Witness Investigator 1",61
"Victim/Witness Investigator 2",21
"Victim/Witness Investigator 3",42
"Volunteer/Outreach Coord",34
"WAREHOUSE WORKER",1
"WASTEWATER CONTROL INSPECTOR",9
"WATER AND POWER MAINTENANCE SUPERVISOR I",3
"WATER CONSERVATION ADMINISTRATOR",4
"WATER CONSTRUCTION AND MAINTENANCE SUPERINTENDENT",2
"WATER METER REPAIRER",6
"WATER OPERATIONS ANALYST",11
"WATER QUALITY TECHNICIAN I/II",32
"WATER QUALITY TECHNICIAN III",9
"WATER SERVICE INSPECTOR",28
"WATERSHED FORESTER MANAGER",2
"WATERSHED KEEPER",22
"WATERSHED KEEPER SUPERVISOR",3
"WATERSHED WORKER (SEASONAL)",30
"WELDER",10
"WELFARE FRAUD INVESTIGATOR",6
"WHARFINGER I",1
"WHARFINGER II",3
"WINDOW CLEANER",18
"WINDOW CLEANER SUPERVISOR",1
"WIRE ROPE CABLE MAINTENANCE MECHANIC",8
"WIRE ROPE CABLE MAINTENANCE SUPERVISOR",1
"WORKER'S COMPENSATION ADJUSTER",21
"WORKER'S COMPENSATION SUPERVISOR I",5
"Wastewater Control Inspector",26
"Water & Power Maint Sprv 1",9
"Water Conservation Admin",12
"Water Const&Main Supt",5
"Water Meter Repairer",18
"Water Meter Shop Supervisor 1",2
"Water Operations Analyst",35
"Water Quality Tech III",24
"Water Quality Technician",32
"Water QualityTech I/II",69
"Water Service Inspector",82
"Watershed Forester",6
"Watershed Keeper",76
"Watershed Keeper Supervisor",8
"Watershed Worker (Seasonal)",86
"Welder",38
"Welfare Fraud Investigator",16
"Wharfinger 1",3
"Wharfinger 2",10
"Window Cleaner",50
"Window Cleaner Supervisor",3
"Wire Rope Cable Maint Mechanic",30
"Wire Rope Cable Maint Sprv",3
"Worker's Comp Supervisor 1",14
"Worker's Compensation Adjuster",74
"X-RAY LABORATORY AIDE",26
"X-Ray Laboratory Aide",100
"YOUTH COMMISSION ADVISOR, BOARD OF SUPERVISORS",1
"Youth Comm Advisor",4
"ZOO CURATOR",1
